user_id,email,score,category
6,test6@example.com,470.52303199226276,B
7,test7@example.com,503.56912121313917,B
8,test8@example.com,466.39500949873656,C
9,test9@example.com,512.5549994103682,C
10,test10@example.com,600.3749042925183,B
